genre_pop,is_holiday,marketing_spend,viewership
37.454011884736246,0,0,3.3771095571072207
95.07143064099162,0,1,12.246785605129796
73.1993941811405,1,1,24.86596085310282
59.86584841970366,0,1,6.8373047668776294
15.601864044243651,0,0,1.3762728392158334
15.599452033620265,0,0,1.5919957679523475
5.8083612168199465,0,0,2.1700368875724174
86.61761457749351,0,1,15.609005956605046
60.11150117432088,0,0,5.0040108796166525
70.80725777960456,0,1,11.77949774870059
2.0584494295802447,0,0,-1.3263967182633174
96.99098521619943,0,1,12.442973412004557
83.24426408004217,1,1,25.944215966765487
21.233911067827616,0,0,-0.4237799904104369
18.182496720710063,0,0,0.9889958709272801
18.34045098534338,0,0,-0.15630282126413664
30.42422429595377,0,0,4.141788802175896
52.475643163223786,1,0,20.850424514855355
43.194501864211574,0,0,1.716274220814495
29.122914019804192,0,0,-0.7937455638147188
61.18528947223795,1,1,22.86875517652366
13.949386065204184,0,0,1.4263341984359352
29.214464853521815,1,0,15.358765098866776
36.63618432936917,0,0,2.770977402468228
45.606998421703594,0,0,4.159421244519496
78.51759613930136,0,1,13.586780435011342
19.967378215835975,0,0,4.077599606873275
51.42344384136116,1,1,18.23224684349955
59.24145688620425,0,0,5.1862668105575
4.645041271999773,0,0,0.8921217150821041
60.75448519014384,0,1,9.239496309792912
17.052412368729154,0,0,5.167580500407515
6.505159298527952,0,0,-0.6203038306046789
94.88855372533332,1,1,26.406269998518766
96.56320330745594,0,1,15.768364524430176
80.83973481164611,0,1,11.901403903560821
30.46137691733707,0,0,-0.6470084038751271
9.767211400638388,0,0,0.11941208623077226
68.42330265121569,0,1,13.90121137697565
44.01524937396013,0,0,3.7277346838257364
12.203823484477883,1,0,11.52751374552983
49.51769101112702,0,0,6.803113520118146
3.4388521115218396,0,0,-0.31766458089392147
90.9320402078782,0,1,13.072882393487387
25.87799816000169,1,0,14.886711995326788
66.2522284353982,0,1,13.166723262777396
31.171107608941096,0,0,7.880537824359202
52.00680211778108,0,0,6.855152427092954
54.67102793432797,0,0,7.786782726209486
18.485445552552704,0,0,0.83661215727956
96.95846277645586,0,1,12.644110065706634
77.51328233611146,0,1,12.875990932849394
93.9498941564189,0,1,14.609329246161083
89.48273504276489,1,1,23.791248021547297
59.78999788110851,1,1,22.628410728302825
92.18742350231169,0,1,15.01737755366943
8.84925020519195,0,0,1.6057118105553554
19.59828624191452,0,0,2.968404330959997
4.522728891053807,0,0,1.0342023493802666
32.53303307632643,0,0,2.239285989092532
38.8677289689482,0,0,2.858971643597134
27.134903177389592,0,0,0.3155875217512074
82.87375091519293,1,1,28.856925169889486
35.67533266935893,0,0,3.594433996174479
28.093450968738075,0,0,2.3596389852841035
54.26960831582485,0,1,8.569376668677567
14.092422497476264,0,0,7.280558054403183
80.21969807540397,0,1,10.875313743094607
7.455064367977082,0,0,-0.11218941441443853
98.68869366005173,0,1,15.700543038577294
77.22447692966574,0,1,13.92287362445513
19.87156815341724,0,0,3.903020925773092
0.5522117123602399,0,0,3.6704381867745504
81.54614284548342,1,1,26.166929595469767
70.68573438476172,1,1,21.956511838542838
72.90071680409874,1,1,23.77618143016631
77.12703466859458,0,0,8.328368211887227
7.4044651734090365,0,0,4.876898600352551
35.84657285442726,1,0,12.789046328594132
11.586905952512971,0,0,3.563843605701752
86.31034258755935,0,1,13.990862997848769
62.329812682755794,0,1,12.908642338734541
33.08980248526492,0,0,3.1049908152546277
6.355835028602364,1,0,10.950718242607582
31.09823217156622,0,0,4.611568775959286
32.518332202674706,0,0,4.5606952744787135
72.96061783380641,0,1,14.240175714860085
63.75574713552131,0,1,11.34896544279486
88.72127425763266,1,1,24.67248337912357
47.22149251619493,0,0,1.60457526157181
11.959424593830171,0,0,2.83468899566183
71.3244787222995,1,0,19.98022683711792
76.07850486168974,0,1,10.676285220441056
56.127719756949624,0,0,4.535624629101714
77.0967179954561,0,1,11.776154175642729
49.379559636439076,0,1,6.9719870996790725
52.27328293819941,0,0,3.5919635006096735
42.75410183585496,0,0,2.007749469972788
2.541912674409519,0,0,-0.5707667563349215
10.789142699330444,0,0,-0.39848072672608104
3.142918568673425,1,0,9.060282015133845
63.64104112637804,0,1,15.409284573776766
31.435598107632668,0,0,5.648641272821728
50.85706911647028,0,0,3.527668068607057
90.7566473926093,0,1,14.62050753256815
24.929222914887493,0,0,3.3278524711313398
41.038292303562976,1,0,18.48600093990325
75.55511385430486,1,1,22.918301332110328
22.879816549162246,0,0,4.472195222881076
7.697990982879299,1,0,11.67398848987406
28.9751452913768,0,0,0.22578972080045379
16.122128725400444,0,0,3.060485991169039
92.96976523425731,0,1,16.878493371670586
80.8120379564417,1,1,30.25702174270554
63.34037565104234,0,1,8.934587034923808
87.14605901877177,0,1,15.112445272038753
80.36720768991145,0,1,12.21711828140408
18.657005888603585,0,0,3.432418009908421
89.25589984899777,0,1,10.984610882437277
53.93422419156507,1,1,19.86788286775938
80.74401551640625,1,1,23.522651905307658
89.60912999234932,0,1,14.118841090571102
31.800347497186387,1,0,13.897872216641927
11.005192452767677,0,0,2.418627933103607
22.793516254194166,1,0,16.333140861935245
42.71077886262563,0,0,5.470232968753274
81.80147659224932,0,0,11.417722938546667
86.07305832563435,0,1,14.438959091474121
0.6952130531190703,1,0,9.635727884631573
51.07473025775657,0,0,7.834226052852337
41.7411003148779,0,0,2.963797560275795
22.210781047073024,0,0,4.041915104078442
11.98653673336828,0,0,4.346122106447041
33.7615171403628,0,0,4.289527735497078
94.29097039125192,0,1,11.436779412795893
32.320293202075526,1,0,13.39560498718797
51.87906217433661,0,0,7.833395151203932
70.30189588951778,0,0,6.691944217666145
36.3629602379294,0,0,3.795443093677272
97.17820827209607,1,1,28.235469659536825
96.24472949421113,1,1,28.01711867358176
25.178229582536417,0,0,3.0754225830245634
49.72485058923854,0,0,4.555148316482923
30.087830981676966,0,0,2.383446206702982
28.484049437746762,0,0,4.564202594357362
3.6886947354532795,1,0,13.476008535680915
60.956433397989684,0,1,10.58104333856339
50.26790232288615,0,1,12.191014858274897
5.147875124998935,0,0,0.256719282240326
27.864646423661142,1,0,13.083140293697328
90.82658859666537,0,1,12.564717461859848
23.95618906669724,0,0,0.43813723405019234
14.48948720912231,0,0,0.9041286877048565
48.9452760277563,1,1,24.36197615944802
98.56504541106007,0,1,13.24631417904499
24.20552715115004,0,0,2.79750423715121
67.21355474058785,0,1,10.40797678280396
76.16196153287176,0,1,12.095578070744303
23.763754399239968,0,0,-0.6437069840465077
72.82163486118596,0,0,6.841087027805521
36.77831327192532,0,0,3.2904205675826077
63.23058305935795,0,1,12.403634194007186
63.35297107608947,0,1,11.78185893411969
53.57746840747585,1,0,14.960962590843494
9.02897700544083,0,0,3.0712941886311684
83.5302495589238,1,1,25.773631036336372
32.07800649717358,0,0,3.6045876840723317
18.651851039985424,0,0,1.8468203972282646
4.077514155476392,0,0,-0.6277634788968003
59.08929431882418,0,0,6.34453411137987
67.75643618422824,0,0,7.726820490279988
1.6587828927856152,0,0,-3.3279130934125485
51.2093058299281,0,1,9.043408908300618
22.649577519793795,1,0,13.755063811172201
64.51727904094498,0,1,11.964069115483055
17.436642900499145,1,0,16.130286301904164
69.09377381024659,0,1,10.365895751831093
38.67353463005374,0,0,2.87142976936969
93.67299887367345,0,1,13.342231666074245
13.752094414599325,0,0,-0.2278457387491506
34.10663510502585,0,0,2.7162905202780605
11.347352124058908,0,0,2.6763396523818335
92.46936182785628,0,1,12.139265192056937
87.7339353380981,0,1,14.629022324115617
25.79416277151556,0,0,-0.824388182885115
65.99840460341791,1,1,22.47716446745738
81.72222002012158,1,1,24.513243401576187
55.52008115994623,0,1,13.901727461822754
52.965057835600646,0,0,4.746901174054688
24.18522909004517,0,0,-1.9839640378973193
9.310276780589922,0,0,-3.0667501356635074
89.72157579533267,1,1,26.04021675222663
90.04180571633304,0,1,15.231722283213122
63.31014572732679,0,0,7.081926287987185
33.90297910487007,0,0,3.7254381220889874
34.92095746126609,0,0,5.816614941137943
72.59556788702393,0,1,11.180374347228131
89.71102599525771,1,1,27.760923711579423
88.70864242651173,0,1,10.606834472598338
77.98755458576238,0,0,5.988859792700106
64.20316461542878,1,1,19.806233671679244
8.413996499504883,0,0,0.29170904861090385
16.162871409461378,0,0,1.5237647064134527
89.85541885270793,0,1,14.213744869723833
60.642905965958995,0,0,6.18805730237017
0.9197051616629648,1,0,10.236863854542841
10.147154286603211,0,0,0.6342337398338898
66.35017691080559,1,1,20.640124353869062
0.5061583846218687,0,0,2.7770737887266876
16.080805141749867,1,0,13.000828368378984
54.87337893665861,0,0,4.509565655578479
69.18951976926932,1,1,27.0968326338151
65.19612595026005,0,1,9.035119527927547
22.42693094605598,1,0,11.99151886654166
71.2179221347536,0,1,9.92935156373823
23.724908749680008,0,0,2.236748111569037
32.539969815926774,1,0,16.11726024086787
74.64914051180241,0,0,8.94426498741591
64.96328990472146,1,1,28.640319625462084
84.9223410494178,0,1,8.993369196540252
65.76128923003434,0,1,12.793600101252268
56.830860333547164,0,0,4.568824888210254
9.367476782809248,0,0,-0.23608261949662201
36.77158030594335,0,0,2.4376137740865804
26.520236768172545,0,0,0.8344843352013078
24.398964337908357,0,0,5.808946102997739
97.30105547524455,0,1,16.41470020155226
39.30977246667604,0,0,3.9773692037823536
89.20465551771133,0,1,16.622497056745136
63.11386259972629,0,1,8.286328329374879
79.48113035416485,0,1,10.286702772754634
50.26370931051921,0,0,0.6704354666625463
57.69038846263591,1,0,16.370209766017016
49.25176938188639,1,0,17.248573991598143
19.52429877980445,0,0,2.1581470338451134
72.24521152615053,0,1,12.523204974734815
28.07723624408558,1,1,16.985609962276396
2.431596643145384,0,0,1.8494691495425823
64.54722959071678,0,1,11.933977995549673
17.711067940704893,0,0,3.237215357002486
94.04585843529144,0,1,10.61906148834904
95.39285770025873,0,1,15.162267487621454
91.48643902204485,0,1,11.77311342236943
37.01587002554444,1,0,14.90694049745172
1.5456616528867428,1,0,13.22329596256144
92.83185625877253,0,1,14.46537283838908
42.81841483173143,0,0,2.5787615236145056
96.66548190436696,1,1,26.679094502805533
96.36199770892529,0,1,11.573129140405243
85.300945546736,0,1,15.830629346470193
29.444889206958567,0,0,2.5339208817033545
38.50977286019253,1,1,23.088077174529904
85.11366715168569,0,1,12.458303340976482
31.692200515627768,1,0,14.12206807474961
16.94927466860925,1,0,12.166553893585231
55.68012624583501,0,0,7.320360487969652
93.6154774160781,0,1,12.942685426950858
69.6029796674973,0,1,13.249488831580083
57.0061170089365,0,1,9.935706905555069
9.717649377076853,0,0,-2.980161662075554
61.500722669916975,0,0,5.009444131418766
99.00538501042632,0,1,12.542322072316935
14.008401523652402,1,0,13.468645599729916
51.832965236373674,0,0,2.802481052288387
87.73730719279554,0,1,15.625680920708787
74.07686177542044,0,1,12.22553445683599
69.7015740995268,0,0,6.614965420435202
70.24840839871092,0,1,13.336625115446259
35.94911512197552,0,0,5.522725380349277
29.359184426449335,0,0,2.8957209391056304
80.93611554785136,0,1,11.551210955686555
81.01133946791808,0,1,9.55319471456755
86.70723185801037,0,1,12.298623671730677
91.32405525564712,0,1,12.897981032268788
51.13423988609378,1,1,22.32753889459397
50.15162946871996,0,0,4.324869184595942
79.82951789667752,0,1,14.358817733770607
64.99639307777652,0,1,10.273672765236274
70.19668772577033,0,1,11.90558643887115
79.57926694361011,0,1,15.325901580754788
89.00053418175663,0,1,14.583703846085598
33.79951568515358,0,0,3.259876485138229
37.5582952639944,0,0,2.551940642529086
9.3981939840869,0,0,-0.32664339502126416
57.8280140996174,0,0,4.081574904057844
3.5942273796742086,0,0,-0.7225909935983779
46.55980181324602,1,1,23.167311858813232
54.26446347075766,0,0,4.98266980449123
28.65412521282844,0,0,0.16586638252038188
59.08332605690107,0,0,9.444671191809675
3.050024993904943,0,0,0.9449328816808203
3.7348188749214417,0,0,-2.4404049135341945
82.26005606596583,0,1,12.342307752114936
36.019064141126286,0,0,3.8236791797694645
12.706051265188478,0,0,4.679789313113602
52.224326005480435,0,0,3.006207684030305
76.99935530986109,0,0,9.652016969698003
21.582102749684317,0,0,4.957183128913118
62.28904758190003,0,1,9.971596148040863
8.5347464993768,0,0,0.29844741221721305
5.16817211686077,1,0,10.444198716938535
53.1354631568148,0,0,4.90662403352087
54.06351216101065,0,1,10.333171267415203
63.742990149820656,0,1,12.693599011146807
72.60913337226616,1,1,26.44128027926751
97.58520794625346,0,1,13.262328665382054
51.630034830119534,0,0,1.2283533545599647
32.2956472941246,0,0,3.187075170859976
79.51861947687037,0,1,13.538937007624318
27.083225126207424,0,0,3.207157887990826
43.89714207056361,0,0,3.7363677120382732
7.845638134226595,1,0,13.034068012750529
2.535074341545751,0,0,3.28439705085907
96.26484146779251,0,1,15.38995248470427
83.59801205122058,1,1,24.613064355115892
69.59742060936979,0,0,5.959346426744988
40.89529444142699,0,0,3.749824728787238
17.329432007084577,0,0,5.0064231243697375
15.643704267108605,0,0,1.1977690076584662
25.024289816459532,0,0,2.4628402926045374
54.92266647061205,1,1,21.527639505188603
71.45959227000624,0,1,14.343925941884553
66.01973767177313,0,0,10.521648276666664
27.993389694594285,0,0,3.7005650683222053
95.48652806631941,1,1,26.714198614202793
73.78969166957685,1,1,24.452534833306153
55.43540525114007,1,0,12.774926947542516
61.17207462343522,0,0,7.607509190913157
41.96000624277899,0,0,4.464333456269586
24.773098950115745,0,0,3.3339939963330245
35.597267865126156,0,0,2.136802398345206
75.78461104643691,0,0,6.809547346689508
1.4393488629755868,0,0,-0.6781149867087873
11.607264050691624,0,0,3.2039723732152403
4.600264202175275,0,0,-0.29749325298865914
4.072880231897013,0,0,4.5726086674092965
85.54605840110072,0,1,14.416330678140147
70.36578593800236,0,1,9.485213273808773
47.41738290873252,0,0,4.484645704369338
9.783416065100148,0,0,-0.3250086378028164
49.16158751168324,0,0,0.5273938115282757
47.34717707805657,0,0,7.933659588033235
17.320186991001517,0,0,3.1383037835401595
43.385164923797305,0,0,5.404931128178356
39.85047343973734,1,0,16.315854664573145
61.585009805221645,0,0,3.3944658431372896
63.50936508676438,0,0,5.383702229565565
4.530400977204452,0,0,2.1366016472884706
37.46126146264712,0,0,1.6436860866997072
62.58599157142364,0,0,1.1950605246407369
50.31362585800877,0,0,4.577150570239025
85.64898411883223,1,1,25.281383303828147
65.8693631618945,0,1,11.85806314901887
16.29344270814297,1,0,15.086381557843369
7.056874740042984,0,0,1.9808990984667156
64.24192782063156,0,0,6.941732392551
2.6511310541621813,1,0,14.656175881589636
58.57755812734633,0,1,7.819816251108005
94.02302414249576,0,1,15.411466043204356
57.5474177875879,0,1,12.007818505432676
38.816992620652194,0,0,1.4025746899047404
64.32882184423532,0,0,3.427140967058754
45.825289049151664,0,0,3.090644651963964
54.56167893159349,0,0,4.1330850081287664
94.14648087765252,0,1,15.921487014770115
38.610263780077425,0,0,2.631948810625553
96.11905638239142,0,1,12.899208601676735
90.53506419560637,0,1,12.83023894617152
19.579113478929642,0,0,4.195176016201388
6.9361300875165455,0,0,0.7196997575055588
10.077800137742665,0,0,0.6492779630604429
1.8221825651549728,1,0,11.962207259113395
9.44429607559284,0,0,3.5285502762123295
68.30067734163569,0,1,10.331724280957086
7.118864846022898,0,0,3.3429030664824975
31.89756302937613,0,0,3.6107489007806204
84.48753109694546,0,1,13.127914345743852
2.3271935735825866,0,0,5.234520353226822
81.44684825889358,0,1,11.033405846292165
28.185477477339994,0,0,2.1111762285999878
11.816482762165625,1,0,10.716785797888562
69.67371653641507,1,1,25.872295594713847
62.8942846779884,1,1,26.6678063351022
87.74720135270529,0,1,17.114565698079808
73.50710438038858,0,1,14.798607944330868
80.34809303848486,0,1,12.639568368256556
28.203457257130648,0,0,2.0898637707333716
17.743954377972283,0,0,-1.5679441071909017
75.06147516408583,0,1,16.577894586772167
80.6834739267264,0,1,14.006303548969576
99.05051420006733,0,1,13.921137610267767
41.26176769114265,0,0,6.7822905470882
37.201808579278314,0,0,1.7746518244078298
77.64129607419969,0,0,8.577373675865317
34.08035402530179,1,0,15.062777133948508
93.07573256035647,0,1,15.584927535796249
85.84127518430118,0,1,13.456980440057876
42.89940273750184,0,0,1.3880844915277355
75.08710677914974,0,1,12.659863423255048
75.45428740846823,0,1,14.643157024597548
10.31238688359326,0,0,0.9728058766513556
90.25529066795667,0,1,15.57575930997384
50.525237244785714,0,0,2.961464753130466
82.64574661077417,0,1,13.212053074537712
32.00496010306117,0,0,1.9514751001289627
89.55232284962005,0,1,15.449193965171427
38.92016787341631,0,0,3.954999911865623
1.083765148029836,0,0,1.4885238674762087
90.53819764192636,1,1,28.22924061650837
9.128667678613356,0,0,2.2961039181041123
31.93136375904149,0,0,3.7393732444914374
95.0061967050805,0,1,12.504195153485238
95.06071469375561,0,1,14.50049924804176
57.34378881232861,0,1,9.668198077201193
63.183721216979926,0,1,10.630244208289541
44.84455219783198,1,0,15.735386918282698
29.321077169806454,0,0,0.9722565674161567
32.8664545369916,0,0,-0.6280317245688196
67.25184560770384,0,0,5.388898464114851
75.237452943768,0,1,12.91050419822512
79.15790437258485,0,1,10.219436346403507
78.96181427945538,0,1,12.927545900888788
9.120610304869036,0,0,4.7125978791088325
49.442030470258146,0,1,11.990316157530295
5.755876001664428,0,0,3.8626706184075013
54.95288823237355,1,0,18.27754457710281
44.1530501373377,0,0,6.750324659706663
88.77041827582998,1,1,24.429112366647423
35.09150125520787,0,0,2.220469591476818
11.706701642760587,1,0,7.692389752001113
14.299168205283586,0,0,3.8022077686129565
76.15106317174723,1,1,27.695754276814494
61.82180633162611,1,1,22.07582614246807
10.112267612279025,0,0,0.5033233484334323
8.410680611499743,1,0,11.333343833768051
70.096913145912,0,0,7.7749984175461835
7.276300636419353,0,0,2.977495154248417
82.18600592903562,0,1,9.73305664514148
70.62422271564962,0,0,7.8812993328494665
8.134878064189976,0,0,0.2601442629807068
8.483771408519193,0,0,1.075165924785298
98.66395785011754,0,1,15.784383788360335
37.427079575612034,0,0,3.366303080015561
37.06421470668909,1,0,15.499247763857348
81.27995672575025,0,1,12.700245337465747
94.72485773838586,0,1,16.41311817741515
98.6001063822871,0,1,15.697530558483702
75.33781852589416,0,1,12.974948928064139
37.62595855309158,0,0,1.2206924131245924
8.350071669866876,0,0,0.07784768056037927
77.71469159274368,0,0,9.568807479952715
55.840424973580504,1,1,22.659435643605896
42.42220092469763,0,0,5.56128303164804
90.6354385094736,0,1,17.596567451602628
11.119748230615134,0,0,3.1891869614791464
49.262510429085914,0,0,5.112567718308076
1.1353644767419069,0,0,-0.9084418927172635
46.86606419941263,0,0,-0.42049277217053405
5.630327568183735,0,0,0.22626291187266845
11.881791626807193,0,0,0.5361541710470209
11.752624677710488,1,0,13.9559948565618
64.92103021160635,1,1,23.18429256721126
74.60448792654233,0,0,6.819678673780644
58.336876509715964,0,1,7.2748897899571565
96.21725484745419,0,1,12.741789826445286
37.48705795237041,0,0,4.702007876838156
28.571208628186074,0,0,6.288936125083996
86.85991281894603,0,1,13.490940514403356
22.359583851945263,0,0,2.8915805323427732
96.32225394406113,0,1,16.537181708311724
1.2154474689816341,0,0,-1.500243125502336
96.98788267076391,1,1,27.432416353647277
4.315991195057611,1,0,10.950618906841445
89.11431136980711,0,1,15.641080013962734
52.77011090862999,0,0,5.579817186766464
99.29647961193004,1,1,27.526551589155886
7.379656473539886,0,0,-0.8272315474831895
55.38542844013208,0,0,6.952607563234778
96.9302535619099,0,1,18.862451198653023
52.30978441701488,0,0,3.215155050845076
62.93986381352625,0,0,5.614468366057578
69.57486889846172,1,1,24.420701838182357
45.454106476777326,1,0,18.118223071669366
62.75580800840635,0,0,5.156488230261697
58.43143119231002,0,0,0.1770825389455224
90.11580104909889,1,1,28.729959093237937
4.5446380341457875,0,0,1.975476042582864
28.096318959223034,1,0,11.323736834948972
95.04114840765587,0,1,13.288977257206474
89.02637838909163,0,1,17.039002697963817
45.56567527857129,0,0,7.452160364772861
62.013259780153675,0,0,8.078606023373258
27.738118298113267,0,0,2.4215869618916015
18.81211597237613,0,0,2.047186434862633
46.36984049399822,0,0,4.375132439147569
35.33522280260528,0,0,5.790001846798203
58.365611185087204,0,0,4.084876305518501
7.773463696498483,1,0,11.165747059881438
97.43948076661665,1,1,28.764497250333697
98.62107444796028,0,1,14.773384533772907
69.81617140197451,1,1,26.738551851105065
53.60963663441204,0,1,9.017939249480113
30.952761628632775,0,0,2.9857194421856277
81.37950197069486,1,1,23.29312422738158
68.47311725538793,0,1,11.862037088385929
16.26169393448913,0,0,-1.3309244805486846
91.09271844938425,1,1,25.134005003028502
82.2537242923169,0,1,10.352864699375456
94.9799913291924,1,1,27.885845599301756
72.571950838836,1,1,25.690373763402906
61.34151959357899,0,0,2.673626498389209
41.82430362906189,1,0,18.850201853907336
93.27284833540132,0,1,19.32211508637984
86.60638895004084,0,1,13.752651668476766
4.521867010618941,0,0,-0.8300418193873955
2.6366974497252005,1,0,17.912330926978612
37.64633668780496,0,0,1.1266966721754748
81.0553330781833,0,1,13.145746241556527
98.72761293149445,0,1,15.232005838413292
15.041689110352818,0,0,4.194464151940111
59.41307153521351,0,1,11.660785103774927
38.08908566310215,0,0,2.8116407747333128
96.99143978146031,0,1,12.79677523737012
84.21189231357087,0,1,12.737545590864817
83.83287047111378,1,1,23.36943232522109
46.86931597949703,0,0,4.782582237519069
41.48195023376652,0,0,3.019802663655679
27.340707193070624,1,0,11.745995132727561
5.6375496650927115,0,0,3.0740465432590787
86.47223762550531,1,1,24.65187871569245
81.29010091300776,0,1,10.592736481350151
99.97176732861305,1,1,26.66065846388622
99.66368370739053,0,1,15.103111502674372
55.543170560262745,0,1,7.061383604868207
76.89874151805105,0,1,13.353169486056633
94.47657298824281,1,1,24.353342161443752
84.96473906774115,0,1,16.91853152515569
24.734810174319765,0,0,3.5214020415854463
45.05441353100935,0,0,3.7056413728823023
12.915941515149498,0,0,-0.19874138911975114
95.40510272587224,0,1,14.330574857459977
60.617463445088006,0,0,7.287327827675381
22.864280550346272,1,0,14.235439797864228
67.17006844058567,0,1,11.282689229784854
61.81282404578958,0,0,6.298022986214749
35.81627180328405,0,0,2.3739093178544963
11.355759219962902,0,0,0.4491640683102148
67.15731955927996,0,1,7.544147078117988
52.03077009037933,0,0,7.1505294707426685
77.23183917356393,0,1,13.320779477999919
52.01635011119934,0,0,3.654723323053074
85.21815003185401,0,1,17.31928496589588
55.190683877448556,1,0,17.69310134852963
56.093797153538624,1,0,15.53709257140347
87.66536026583451,0,1,15.480010869524367
40.3482866212397,1,0,16.830925095142497
13.401522845064074,0,0,2.1293122554748463
2.8782676313338973,0,0,-0.5636844461697913
75.5137255673619,0,1,13.45236400429226
62.03095513534647,0,1,10.679578933092458
70.40797680992236,0,1,13.152680584283921
21.296416150891073,0,0,-1.6802472929321701
13.637147558676975,0,0,0.4959678299093194
1.4544665667881929,0,0,3.589756852295209
35.058755880659696,0,0,1.9717406772653687
58.991768685463306,0,0,4.691500273559957
39.22440450997323,0,0,3.026517774097373
43.747492202372904,0,0,1.9451369484600036
90.41586944937484,1,1,21.625025392480982
34.82554670233004,1,0,15.021381873185778
51.39894891598108,0,0,5.411613739761422
78.3653012741143,1,0,19.731519990334125
39.65427823212701,0,0,3.675670699316928
62.20867002278735,0,0,6.306948743979511
86.23637087467452,0,0,10.669320030568981
94.9520623657642,0,1,14.114313864717987
14.707348092903793,1,0,12.32256965511584
92.65876251614944,0,1,13.703625281838772
49.21162930795382,0,0,6.0798564503089345
25.824438829895836,0,0,5.406497640076083
45.913575623826134,0,0,3.335070084044257
98.0032575285477,1,1,26.99819332691254
49.26180939928696,0,0,5.6028958238006155
32.875161028750824,0,0,1.302360089417437
63.34008543167258,0,1,11.374842877593094
24.014561877819308,0,0,-0.5298915269022593
7.586332810866391,0,0,-2.779467326392158
12.887972191064922,0,0,2.0222900348910064
12.804583895777244,0,0,0.5127089069161588
15.190269351229436,0,0,1.923587750365382
13.882717264941014,1,0,13.352481772477402
64.08747448032146,1,0,16.455947350704548
18.188008439914483,0,0,1.7282922400627756
34.56672833238632,0,0,0.9904702232089218
89.67884099060119,0,1,16.74982881506292
47.39616402628724,0,0,2.0276757129087963
66.75577385210272,0,0,6.28400684327311
17.231987120162984,0,0,-0.3613444640781984
19.228901880867078,0,0,3.063732534808299
4.086861626647886,0,0,-0.25417657989821707
16.893506307216455,0,0,0.6520171914792254
27.85903390319586,0,0,4.492306480422695
17.70104842767468,0,0,1.8289660261225724
8.87025337570556,0,0,1.9203142294424906
12.06358711006008,0,0,-0.7562931620289215
46.077876803272574,0,0,1.798153792472244
20.63337184057925,0,0,2.2777531081381923
36.42698610480755,0,0,3.0050058994912927
50.34172708548569,0,0,6.2870420534564575
69.03948286293652,0,1,11.744131380968552
3.9312139841098936,1,0,12.80327207688025
79.94103989090426,0,1,9.74733892920794
62.79003894909078,0,1,15.055877774137592
8.17590319488719,0,0,0.4891063494246553
87.35786241067773,0,1,15.130960181746172
92.08724005318132,0,1,12.53654066487888
6.107795985486375,0,0,1.2267994029833194
27.687764814720374,0,0,0.16308695442254706
80.62012797930613,1,1,25.966148474449955
74.82596903836584,0,0,6.770648735064919
18.45210193563773,0,0,1.9035912014349081
20.93493233367103,1,0,15.489441293627298
37.0472102791382,0,0,1.2396404054732595
48.45229851910213,1,0,15.476246390684617
61.825477153029595,0,0,7.09719627747649
36.891363956977244,1,0,19.885579344791218
46.25347161331479,0,0,4.349182492008515
74.74709381337566,0,1,13.65698161718543
3.66832028905979,0,0,0.15288908918901886
25.243694434402077,0,0,6.408860632952807
71.33495858845524,0,1,8.639052524915012
89.52068376871993,0,1,14.14131046621071
51.167744211566614,0,0,1.86568635403254
53.211348526531566,0,0,0.3079917115797235
10.717201133977605,0,0,1.6666442196333935
44.741236682345466,0,0,4.7531192605294645
53.261726645502314,1,1,21.75649878906583
24.247050363472965,0,0,2.2123168562677904
26.924323094938096,1,0,20.889031177636326
37.728416310462265,0,0,3.256491354983358
2.007119777772637,0,0,1.2209607002774134
32.20791655831783,0,0,1.922062016604021
21.144800699654464,0,0,2.704945220046653
32.74973521779147,0,0,2.798506171667912
11.976213181925122,0,0,0.37658435273305213
89.0527280739895,0,1,17.5430698717996
59.359245355404866,1,0,20.290294461909163
67.91023191444896,0,1,12.064516486243358
78.91712386073382,0,1,8.28328851418545
49.84421989290573,0,0,4.262403542785433
8.69202880874237,0,0,6.275258009684404
53.71065418185478,0,1,9.90974208490606
58.68411180208791,0,0,8.074846324316109
74.54394741843299,0,1,15.3382795457485
43.16595462296794,0,0,4.754523294008744
12.758030279556376,0,0,-0.40784023578066697
28.377590579872447,1,0,9.967134394421468
36.30822963986351,1,0,16.99914938120426
64.59172413316013,0,0,4.829660407668917
57.077830466891186,0,0,6.060083950464503
35.60967258978462,0,0,1.0613265797997342
98.65152487929797,1,1,26.334677406989393
60.577481935688716,0,0,6.125186303370978
23.72267917359945,0,0,2.9094550794485405
10.178247262040374,0,0,-1.211819648500791
15.285913918433202,0,0,3.922413289366025
24.595772838450813,0,0,1.265787714381139
16.06813732595557,0,0,-1.7421251883109337
18.656702405130577,0,0,1.6476234005861303
28.50951686938471,0,0,2.9197023049913913
17.33735952947548,0,0,2.054914819291068
89.67654246264252,0,1,16.69191905363441
8.023374566164222,0,0,0.32943978314470346
52.451138957025464,0,0,5.005874646965004
41.03968269896615,1,1,18.897599507430428
98.23786169086064,0,1,16.464893174861857
11.203890216805235,0,0,1.4890071498367303
39.785559904574164,0,0,3.1385005358690914
96.94704332753689,0,1,10.885354945822762
86.55071258939803,0,1,16.54389564904998
81.707207094928,0,1,10.715360780580685
25.790282704493983,1,0,13.396472251709987
17.088758739006582,0,0,2.425564896052665
66.8643219924431,0,0,4.293316342010937
92.93759891275857,0,1,11.306740334769572
55.67628930139298,0,0,1.3197337647379683
57.161268946989985,0,1,12.15812080051027
27.997909366028416,0,0,1.7094184471501979
76.94929331919369,0,1,18.54946951686603
18.704374855752338,0,0,-0.11827264568651286
32.367923640424365,0,0,1.393890317184594
42.54364386164168,0,0,3.123578445593365
50.7610378684455,0,0,5.562373097121529
24.240973241508023,0,0,1.4836906465801798
11.483682473920354,1,0,14.37303267539706
61.06200424416326,0,0,4.149023644439017
28.863055324025577,0,0,0.12312209547539554
58.123822142261226,0,0,2.2159527354079076
15.436271527420232,0,0,-2.90352118313237
48.114010185481746,0,0,3.775262979598061
53.258943255158584,0,0,4.723933700729415
5.182353682242691,1,0,11.255361313257904
33.660427819392055,0,0,5.8528543763135294
13.441467693897424,0,0,3.8002071886060125
6.337497047276774,0,0,-0.03585627016132631
98.99602323899452,1,1,23.311760097515524
32.235384497472296,0,0,2.090128233637124
80.98744458546349,0,1,11.899101670712227
25.464065476376383,0,0,1.2321366230815225
68.15027222239293,0,1,10.419589414442804
76.02278598896865,0,1,11.295352807447252
59.56387406078443,0,1,10.183304174282924
47.15761885501584,0,0,3.4446796878704715
41.18409141472685,0,0,4.535054158723869
34.88682665429953,0,0,4.209420097239676
92.95291442478259,0,1,12.47400126811328
83.06194077877291,0,1,15.84832472989136
96.50269106665125,1,1,24.690144502983898
12.429722348554472,1,0,10.007371007224773
73.08674752036443,0,1,13.070230894766546
93.83404568210378,1,1,24.7485882993817
18.123306616566015,0,0,2.4549136031713776
6.6496267366777495,0,0,-4.142374528533286
74.11206492900591,0,1,15.196118375866726
57.44731131799119,0,0,7.089317947879924
84.1828776758272,0,1,10.417334669256718
13.97723766262895,0,0,-1.5598304814296764
79.52673118598902,0,1,16.297204926793956
20.162732004774455,0,0,0.5415133934815286
16.36559428657045,0,0,-0.03181026880820248
16.426579793099293,0,0,-2.889446208988636
81.45747202313821,0,1,12.444190791110712
66.51972206962002,0,1,11.196532977290497
52.30654247691193,1,1,23.661640441230162
35.88304841235025,1,0,12.790147984866074
87.72005408131082,0,1,10.731431823649864
39.244510742263536,1,0,16.82637634377931
81.65994394715771,0,1,15.179454537169903
43.91349085702184,1,1,18.24904438346642
37.69444294249076,0,0,5.932472466848559
46.26797856696064,0,0,4.701881539669707
30.13778741641421,0,0,5.197389419790712
74.76093801762511,0,1,12.335653078727278
50.27203900924791,0,0,-0.01735193405110902
23.22126951468173,0,0,2.0181921868360955
89.95745732745685,0,1,16.116033370088225
38.38912213732114,0,0,2.0514201755646853
54.35528611139886,0,0,4.659598673324982
90.6472110964547,1,1,25.71245410254351
62.42379959139921,0,0,0.4433521994029572
11.689804070836407,0,0,4.511675557958593
93.98321236134751,0,1,12.595569876340402
62.770805307141785,0,0,7.288551395659777
33.49056146570861,0,0,3.175653874274444
13.927207266338726,1,0,15.907958839352592
79.4025189270296,0,1,13.752364137559121
62.00727559285135,0,0,5.730879016243186
53.34610919763215,1,1,20.547580734724654
89.38925830509577,0,1,15.534627233273854
78.85972112245308,0,1,9.139089504336075
15.167487973275119,0,0,2.808529637879297
31.172206779554823,0,0,0.9191311748457371
24.848913981446575,0,0,4.989458722057938
74.3946292572677,0,1,12.762062011052159
3.353243473577938,0,0,1.6235718830580113
56.98896848713165,1,0,17.862874476362602
76.24586857406905,0,1,9.119832667124912
87.67656367617495,0,1,12.04619804082682
34.20817487159075,0,0,4.76559616238184
82.12573046720128,0,1,13.545884681439817
11.063173695520723,0,0,3.4682971801634164
84.64522917345182,0,1,14.271072043419528
12.748866233198243,1,0,11.341482841914505
39.72872905603673,0,0,2.380744630162405
79.72953657795536,0,1,13.17878843884201
14.991742734877377,0,0,-3.128913858512473
22.92513952326415,0,0,5.639397723572385
72.22525683930662,0,1,13.106019156685777
72.00365365460743,0,1,14.654434559558489
64.11476328852973,0,0,3.2502684472346357
69.39484444671,0,1,14.42861476538151
54.27244433475962,1,0,21.89024225553146
25.179905890695274,1,0,11.876233878314892
34.56959935039195,0,0,4.999763524846728
18.159771680142565,1,0,13.818197057388844
90.84505613336283,0,0,5.995637916839795
58.339179476612046,1,1,23.819685891364944
40.08514167636399,0,0,5.675720577311096
46.20058036441327,1,1,20.417804931103635
94.72833396118153,1,1,28.8046664366286
15.33514031160802,0,0,-1.800012782417593
58.62298320167972,1,0,14.872786027268685
50.5888678884466,0,0,5.332081580022165
61.14542354346478,0,0,6.165312910291022
1.8110183820840509,0,0,-1.2520451386398053
87.21239089441515,0,1,15.340427961385288
93.21182824836124,0,1,15.382971453268024
56.51331835892089,0,0,7.367609977760122
69.66508238768922,1,1,23.72023536806439
92.24993811772957,0,1,15.430154347729639
70.72386343133986,0,1,11.181085737073998
15.253904291426135,1,0,17.633027809315806
57.62883601668132,1,0,16.13779206142416
60.67150463828559,1,1,27.277745322745186
42.4130671302386,0,0,4.311082607202677
73.64442356247228,1,1,21.613420577109743
93.43670147690149,0,1,17.07982884866735
92.55685129067763,0,1,14.50748790585768
45.08393714041321,0,0,6.210641910801797
11.323804584075525,0,0,3.580092295492739
98.48411989623345,0,1,15.524323097913395
83.88980864459342,0,1,12.204499174833712
12.466268120326685,0,0,3.198053567371169
92.08418826173724,0,1,14.209929841082916
86.98963620621282,0,1,15.07067925783812
51.88380571260721,0,0,0.8809194236777991
59.127543574492925,0,1,11.806717791468996
39.90027038701302,0,0,2.712855388411242
5.476163882203133,0,0,3.8542356625773744
33.519724164590095,0,0,4.5981471122372
80.28534485980114,1,1,25.50824997767871
0.4632023004602859,0,0,1.0189402167464716
33.34991716911442,0,0,1.3381100111580058
39.81686935909433,0,0,7.228200316965541
53.73956029379229,0,1,14.356696866213039
91.98556164127605,1,1,26.98438318522404
34.634599436596126,0,0,6.64426708080689
34.69532018962277,0,0,2.3312356216172097
73.75012481097484,0,1,10.780785348647523
45.221794088980715,0,0,4.604028906355917
22.460482293998197,0,0,3.115930306135617
45.24395161326934,0,0,3.736421798840693
14.085702037979985,0,0,2.484106584534966
17.63869865062233,0,0,2.3766488292090613
49.83677727394797,0,0,2.987064176812688
41.89254495045479,1,1,22.22684052994892
91.48459010681,1,1,27.875515495724045
36.23938991166331,0,0,3.966877626347113
58.05883502780434,0,0,8.11117970930382
63.22642879195304,0,0,3.8878352922014003
1.3094456588333636,0,0,1.0668454101470397
66.35373720167107,0,1,9.294812307373556
17.803596686975144,1,0,11.55219695223134
96.10703174694551,1,1,25.34884150721897
14.866272775311295,0,0,-0.3974930896173603
41.462412372702374,0,0,3.0502495997879624
8.534966807864386,0,0,0.4251960593640611
99.68742518459473,0,1,16.643051491122243
50.21950103312426,0,0,4.379632025901022
59.53850173200438,0,0,2.7825987596612527
6.7076477388427485,0,0,2.9509004668745957
74.99604703991778,0,1,10.825424436761699
20.990559309558577,0,0,1.9816150767466
89.80542894407138,1,1,26.87361590828856
20.513964048200716,0,0,2.450617241625637
19.068772066366655,0,0,4.095236301679616
3.654966784809488,0,0,1.3235029652664667
47.206694510999924,0,0,2.998050291705777
56.48411332626164,0,0,10.005535680609487
6.570863942835237,0,0,1.04575332095999
77.55276166950105,1,1,24.460595713707093
45.32888347480276,0,0,6.460739193591419
52.439026932758004,1,1,22.742804585135943
44.07627469382282,0,0,5.206083855260936
40.0763060875326,0,0,8.991998605954635
55.96403313082179,0,1,10.046160456572085
15.52402459307125,0,0,0.9168806712723334
18.19281304952711,0,0,2.052438328977639
86.17856210135173,0,1,15.76088808129725
94.61154621336327,0,1,11.44808656095553
37.330931627975296,1,1,16.80198137984452
27.074467314355378,1,0,13.533216190195244
64.39995432390158,1,1,20.172149514271585
40.87341710980964,0,0,3.2376790159296873
2.538635566034486,0,0,1.258862948862029
15.615259736619036,0,0,-0.21997175344262354
71.59722288473975,0,0,4.306069134911291
65.89239419101514,0,1,11.727913742532209
2.709599250348349,0,0,1.9960468942651755
22.197216193294945,0,0,-1.1702252577037306
23.10747965880714,0,0,3.9512127624926823
67.18927435987284,1,1,25.353539843463935
1.9710537754364155,0,0,2.1052755818568976
10.410858198457385,0,0,3.478046249589111
79.99160853731894,0,0,12.403188703051125
17.85446620543336,1,0,13.073262523305226
65.27461078518748,0,1,11.746604238674465
23.81827810467265,0,0,1.5489509439712141
9.944139275934516,1,0,12.998367617105075
24.317219099945408,1,1,22.497468621267164
72.22669318556592,0,1,9.532640350695255
85.56964681062857,0,1,11.834865336731706
83.02198645669915,0,1,16.05656051867904
39.71835296184548,0,0,6.011908309988728
66.80851365706462,0,1,10.954588072072307
20.498429541582098,1,0,15.75864695639965
29.314773026101328,0,0,3.6139089875941997
89.63358185211197,0,1,16.963907403213174
1.3001923510736035,0,0,0.2790384227609056
8.550853085446807,0,0,2.9063495362898455
20.78862551460273,0,0,7.362886372445514
2.6532203873819715,0,0,1.4615203488331296
18.143543508979732,0,0,1.9130106824876607
58.304156096969216,0,0,7.275309580138881
42.1424550592498,0,0,3.4836837895172104
89.26717110769748,0,1,18.702652521819214
81.7443561738441,1,1,25.534577692776374
34.1817351697876,0,0,2.8723068765277344
25.94234334312925,0,0,0.9228563242728527
37.96924081672669,0,0,5.991364464885546
59.02949425148078,0,0,7.637324250803555
26.806364082287626,0,0,1.6859276654005761
62.4148907849134,0,1,12.394391768736186
40.941165219124045,1,0,13.07700458548669
55.204718085198024,0,0,5.890412958666115
43.61265291353167,0,0,5.266777995506556
29.44657595419177,0,0,6.359317214537622
94.84533069621567,1,1,24.94289546416419
76.36057941597608,0,1,10.079352683992958
14.011317576645254,0,0,-0.389724164185558
86.84679758979128,0,1,11.011542758349288
48.743119824951364,0,0,7.547626698013103
89.45522268940914,1,1,29.042800858988986
79.98552559473153,0,1,13.638985715370811
42.52135044692334,0,1,11.69472493606263
2.24693083201174,1,0,12.492609844361645
26.867735938494608,1,0,14.496550298447929
54.16342146608669,1,1,21.750266908501146
63.347821982614725,0,1,10.71400021550634
25.788768543320227,0,0,-0.5167262582860395
13.935607407282413,0,0,1.9220702679429196
83.4930236799299,0,1,13.268634547564902
98.44021807035521,0,1,16.334743255191274
52.56901823026858,0,1,10.443948815904077
17.16792858483035,0,0,1.3913854553448515
27.230732651936897,0,0,0.9806872051784286
1.8390676547466733,0,0,0.32821323911819
91.4298806560499,0,1,15.619462527237314
11.775108289014113,1,0,10.89083284673369
57.651647551425356,0,0,5.940112262504014
27.4055220687206,0,0,3.2066381099310277
55.417800251579344,0,0,4.105650457921406
65.14203883518643,0,0,5.338491273702643
82.97418037072016,0,1,13.758639734604445
20.64212717606032,0,0,-0.20262931897921366
1.0995828658480478,0,0,0.8098057170835898
13.688563006880727,0,0,-0.4218524466303273
90.00186418481051,0,1,16.125893804547484
87.38900775625153,0,1,18.414556266401753
59.74131021703083,1,1,21.252617418299444
60.051686043365336,1,1,24.073584329085882
66.50366745462554,0,1,10.196882935698516
17.53712786234496,0,0,3.8356211338300747
91.44119459249598,0,1,11.613602641079169
41.87705248920731,1,1,22.148878765776157
38.31385282494975,0,0,2.0854073487162696
51.89177052828376,0,1,9.77520787463164
4.696596677505505,1,0,10.407609117455936
16.628336875607943,0,0,3.3075346293523014
73.80336164263704,1,1,22.706375455384528
8.279866792512646,0,0,1.9319151979149198
60.31521094663882,0,0,5.343325038139216
24.534910968132095,0,0,2.2245463532154837
38.929561404197656,1,0,16.188467955220023
28.869373677069987,1,0,13.363288024389302
35.567271646494916,0,0,3.9774613917312656
71.90459051842456,0,1,15.251128180551278
29.7121715623175,0,0,1.4150275845663218
56.64046402968972,1,0,20.00766668951666
47.60504021990997,0,1,12.756699288966566
66.36711653626482,0,0,5.004401675570394
93.6829739324758,0,1,11.458188183066476
73.25720972102503,0,1,12.929642772446034
21.494037859075675,0,0,1.0545887403738214
3.1183135061284672,0,0,4.049037788938851
26.22640442998251,0,0,2.6922555239979156
59.507793070025485,1,1,21.34638049093219
5.1425813484250344,0,0,-1.7800608871809194
49.636624720123635,0,0,7.143472390194024
59.68428489168892,1,1,21.82606054100052
33.424389081696084,0,0,3.430096507090465
77.09122037458219,0,1,14.62072752768318
10.65982531337718,0,0,0.09746582747605759
7.513778173580876,1,0,12.659520159877765
72.81887562036033,0,1,12.248750742390992
49.549131620619846,1,1,23.32156218509417
68.84023964277361,0,0,8.065512635298013
43.48273386037462,0,0,3.9080459235278053
24.640203323910683,0,0,2.591318455384104
81.91023176741997,1,1,24.447465153695024
79.94158789689793,0,1,10.038933975850904
69.46964708544267,1,1,24.462166423340527
27.21451372299627,0,0,6.505834893965763
59.023066686908706,0,1,9.134868387308746
36.09738969400268,0,0,2.063679550194862
9.158207332663416,1,0,11.17436518997886
91.73135754622427,0,1,15.622319312068672
13.68186309189614,0,0,2.265157217582494
95.02373538208025,0,1,14.185298153375111
44.600577295795574,1,0,14.624019606301626
18.513292883861965,0,0,2.036082871666045
54.190094737835814,0,0,2.2897652191119735
87.29458358764083,0,1,14.016311492479069
73.22248864095612,0,1,14.065297636271481
80.65611478614497,0,1,10.563213205347143
65.87833667107174,1,0,15.522797113447846
69.22765645178525,1,1,27.081641428568243
84.91956515653193,0,1,12.268437236644024
24.966800885918595,0,0,4.7685757804795035
48.942496364314046,0,0,4.586254306035741
22.120944181960223,0,0,1.8881847843133674
98.7668007996647,0,1,15.75350547895976
94.40593396866133,0,1,12.67259568337325
3.94268113685059,0,0,0.6592624006763501
70.55751725156884,0,1,11.2927728955087
92.52483174156659,0,1,11.611496287346595
18.057534512733355,0,0,2.4807176007261336
56.79452305526295,0,1,10.152836691770464
91.54882975880419,0,1,13.840833318991002
3.394597858579884,0,0,-2.080862100970327
69.742026724684,0,1,15.15700340799401
29.734900737255078,0,0,4.72691844649774
92.43961953765304,0,1,16.172273722109264
97.10582451653677,0,1,14.099693046770314
94.42664891134339,0,1,10.9842991121275
47.42142166574638,0,0,8.647976931553659
86.20426509893134,1,1,25.4982314938814
84.45493985350704,0,1,11.947894393310598
31.910047324325564,0,0,4.024607881398785
82.89154741506773,0,1,15.623396317513368
3.700763471549262,0,0,0.32397523498399383
59.6269878482053,0,0,8.51984912069928
23.000883728770305,0,0,4.466088249910768
12.056688577727881,0,0,-0.9470935170313286
7.695320162920916,0,0,-0.5780481950268612
69.62887758781397,0,0,8.877962085340933
33.98749637680661,0,0,-2.0264754899402146
72.47667715287615,1,1,23.94875632895764
6.535634079894237,0,0,-2.20809899525992
31.529033783061035,0,0,2.1997957754390542
53.949129237533725,0,0,4.797272745694965
79.07231648389636,1,1,24.19074289257462
31.875250293206992,0,0,2.0830025250954822
62.58913764370091,0,0,4.064626465112463
88.5977748236187,0,1,18.443600015999245
61.58631881823046,0,0,9.893555890145748
23.295947475363377,0,0,0.00546310702377184
2.440078155653802,0,0,3.4082413181725144
87.00988739009298,0,1,12.902057758063593
2.126941085038714,0,0,0.4710690551672923
87.47016726841994,0,1,13.620468807048162
52.8937134027212,0,0,3.969874057764188
93.90676985128962,0,1,16.358381672341256
79.87832357736654,0,1,13.239605418889969
99.79341105333374,0,1,14.026238258894892
35.071181545171015,1,0,12.897939266916156
76.71882889311269,0,1,10.88469286187303
40.193091360924214,0,0,0.7365489048882279
47.98756203039088,0,1,9.823203299869428
62.75054632183701,1,1,20.88172344761491
87.36771141863387,0,1,13.205650116826305
98.40834691992951,0,1,17.581038399213696
76.82734138645182,0,0,10.081333284488354
41.77667821673337,0,0,4.1131140334681024
42.13570022770702,0,0,4.0394005704844025
73.75823015888915,0,1,16.13557211473093
23.877714576830233,0,0,3.429283698400446
11.047411313139467,1,0,12.4491282115609
35.462215764077655,0,0,0.6941853421668616
28.723899165408174,0,0,3.660136352870304
29.630812045599008,0,0,4.621728749725626
23.360775104990992,0,0,1.0727744614718115
4.209318963636188,0,0,1.0033374066396838
1.787393473341381,0,0,-0.5484072424959201
98.77223897360315,0,1,14.50915909896231
42.77731337358623,1,0,11.302087222233961
38.432664715968166,1,0,15.399703664164546
67.96472826930699,0,0,8.735211431746809
21.825388786506416,0,0,0.9197337675175252
94.99611839502253,1,1,26.604664575932887
78.6345014415552,0,1,11.35154873077168
8.94110023122595,1,0,13.61499337570814
41.75807757849284,0,0,3.7427613627769363
87.91183075621647,0,1,11.912699994257634
94.47320222914102,0,1,17.112423158244358
46.74015112498697,0,0,6.531879139563127
61.34113892107077,0,0,4.924300364250728
16.70339460920752,0,0,2.665916079756307
99.11686261369765,0,1,15.986510267010528
23.16717013834434,0,0,3.601319483856786
94.27317741351257,0,1,11.038805949361102
64.96466489923685,1,1,25.50967957198894
60.773679487885914,0,1,9.93797002293713
51.26885110165086,1,1,21.411229243282552
23.06698117177587,0,0,7.582461621697988
17.652803200550828,0,0,2.3690270814971064
22.048620907017536,1,0,13.432217139807403
18.643826214425452,0,0,-2.5462061240692666
77.95844735667534,0,1,15.575373003560244
35.01252591667301,0,0,0.8108332500500963
5.784267656339637,0,0,-1.4284510413650433
96.91026301408114,0,1,14.028321703232416
88.37858849634257,1,1,28.670682433034845
92.77522831952129,0,1,15.824002805283648
99.49078226464353,0,1,14.633403206783834
17.38952492194873,0,0,2.355536619472515
39.62420189026587,0,0,2.761648803284376
75.82384757040913,0,1,12.861692136171614
69.60206180537922,0,1,12.106879670094196
15.389590633985506,0,0,3.476498854761257
81.58331249906178,0,1,15.092687494784077
22.444057183666068,0,0,3.2323604827778967
22.38176148226231,0,0,1.5134810331340265
53.69744228934136,0,0,6.853388817714389
59.293993484170315,0,0,5.745462416010939
58.00862078378112,1,0,15.637033340951847
9.148683739775487,0,0,0.10829279015567139
87.74608626303804,0,1,13.943662593872453
26.560004258870606,0,0,4.4764319932165515
12.951492128280417,0,0,0.9280928685137356
88.87480798689772,0,1,11.469083376210559
95.56514982297534,0,1,14.669998348891173
86.21276172654507,0,1,13.848188252767612
80.95160747248781,0,0,8.466836005054288
65.52419806390218,0,1,13.392162838299079
55.08573706091393,0,1,12.54642018627119
8.698675991141014,0,0,-0.3185541456492317
40.845321307069874,0,0,2.852245214609101
37.2688517012314,1,0,13.646487748212193
25.97537837603262,1,0,15.995169178164215
72.3420113688585,1,1,27.13184135356128
49.58757350787708,1,1,21.32859349496986
8.104621590764793,1,0,12.327601029626493
22.018320194981133,0,0,5.135397133296065
68.32587636595959,0,0,7.843703343025974
7.613085949030019,0,0,1.633780004505112
85.12069140487687,0,1,11.130236128540234
49.51465270139743,0,0,6.308921408698581
48.0586577326648,0,0,2.9475930922469633
59.24077846595176,0,0,3.6560374747252604
82.46809659251491,0,1,12.553266505718067
34.780920790219305,1,0,14.30650663212455
67.80161525590636,0,1,11.336962136820556
56.5731963995791,0,0,2.7753563709080735
26.70282701694213,0,0,4.587915314629559
87.8629986355158,0,1,16.04167245258444
79.74260216069281,1,1,21.079575267787654
65.84518346584255,0,0,8.541433957917356
85.05817290942419,0,1,11.884760031299166
86.72942009598023,0,1,15.386893083563596
70.83629767150347,0,1,11.946736781817517
83.7013328363672,0,1,13.427684411798717
69.74714616692836,0,1,11.604519317850398
68.01407717603004,0,0,9.225666126069978
61.86113782151843,0,1,8.706937757101786
75.27166395576413,0,1,13.742847073046429
15.86051052930737,1,0,15.788711382709838
88.08707591989284,0,1,15.241387753070105
87.1843527745232,1,1,30.367833106099155
2.9247283034559146,0,0,-0.7654206951038063
82.58167505647627,0,1,15.17277715083469
12.886986747344519,0,0,1.0765174040516112
33.51188542591419,0,0,5.8180006952967585
74.35082562916078,0,1,12.419704571473341
16.07598960483082,0,0,0.8318473967581429
81.79670241190622,0,1,15.791814648933881
83.21341779577419,1,1,24.33821790153956
50.746773376083624,0,1,7.2492258198072514
0.638587171683358,0,0,-0.9698350491793213
28.703813317491278,0,0,4.108447224926193
61.69269183757422,0,1,13.953346686931605
98.11861780274235,0,1,15.03412053086726
63.18135270166684,0,1,13.954529404634735
25.98035810641598,0,0,-0.11831403231358895
63.40057030996113,0,1,10.453530101360307
53.99853797158555,0,0,4.822703562850353
77.98453951511436,0,1,12.569335096566398
10.698063882695841,1,0,13.237995164769977
76.1027902502028,1,1,25.992100939804665
54.12665786761103,0,0,4.523052110420123
96.29920038589947,0,1,14.907977412496198
34.187216603868606,0,0,3.3284758797387575
63.26218931339481,0,1,9.474439123557183
93.20281055100175,0,1,14.092947676937303
10.250972799067926,0,0,0.7377782201125562
93.72284872364511,0,1,14.04212374235842
68.78857223008133,0,0,6.942376136171035
6.78370591051719,0,0,0.8297176722784914
30.096356694681624,1,0,14.1450453112535
70.81720886452815,0,0,9.627150354395345
6.73506014687717,0,0,-1.6654552437183163
58.217046017627325,1,1,21.37976438482294
34.588305695295674,1,0,21.018757817976677
62.091551776747714,0,1,9.133172467696312
4.5742033812512854,0,0,-2.2500890112943885
87.15368061523763,0,1,15.1843215515262
97.3488969177397,1,1,22.580649984226223
96.88778552856915,1,1,26.21823073291204
74.96518317429248,0,1,16.788168167582228
13.008624013063198,0,0,-1.789009443000481
75.82631959290225,0,1,8.6187029878128
2.458691645880151,0,0,-2.7524932393273813
2.2123551528997254,0,0,2.0179546519839437
32.36102191495412,1,0,17.485655631467036
48.864319040466576,0,0,3.8612543100896404
77.04074178077931,1,1,26.070498986080068
68.32953766065052,1,1,26.61346442108903
44.590270637674834,0,1,13.033719892627133
27.362666628166586,0,0,2.2435961004569624
99.71245001577111,0,1,10.368301566237138
42.6181302235973,0,0,2.6200551775403564
45.13870243296755,0,0,3.6602618534262397
16.362382119166917,0,0,1.1183606187599107
79.48095487499293,0,1,12.572376685481856
69.36822257814886,0,0,9.174611453676224
22.07696127887604,0,0,4.756552981262767
8.238104561584269,0,0,0.4804631483088603
68.0499302074713,0,1,14.001962772850767
65.45112142811352,0,0,7.260434876073531
27.32595269982093,0,0,2.8616072157072368
95.08635622504103,0,1,16.32172393672403
15.105789178090024,0,0,1.655083014284834
43.23348010426019,0,0,8.438970364621543
94.36159201675989,0,1,11.559336868086872
41.97273169261223,0,0,3.1669313710771876
63.85259476640856,1,1,23.132221682732954
39.75943979627943,0,0,4.854849360543924
27.421520234867003,0,0,5.278072997692878
98.39776479598282,0,1,14.79097934512597
40.9334006315043,0,0,1.2488807641380157
89.40992036791344,0,1,15.626019829701352
22.995460589108617,0,0,3.809463591194791
21.31047040250833,0,0,-1.752670278507979
3.113408288451136,0,0,0.30373256150351485
65.1666825375885,0,1,8.336384592398256
36.852634372376116,0,0,2.355961242233487
86.4358249839637,0,1,11.83796464447077
47.32099066915572,1,0,18.350628463399545
96.81934279147217,0,1,14.915594627491584
18.552551570312115,0,0,-0.7159268444808435
86.86231679556109,0,1,15.446363605470793
77.65968527917417,0,1,9.89835688006059
77.0921844644052,0,1,13.369446027382407
84.47832281168877,0,1,11.819810942585764
76.10239909429988,0,1,11.878885744368949
62.62203216314154,0,1,12.270744712390924
13.124487768238758,0,0,2.3553475749429342
3.2526179491251916,0,0,2.9991999420244397
92.08478478156869,1,1,26.043971078813964
61.665031452073805,0,0,6.779404871134062
79.65372909761763,0,1,12.089898264953113
48.152235151255006,0,0,5.179203280371096
11.730818896239448,0,0,2.0520539856409683
12.518579220255043,0,0,1.0552382271167524
68.55652872289714,0,0,3.2481519041047218
43.030589489946266,0,0,4.966000741656417
20.052472670033673,0,0,2.7343702217142813
49.15945467414369,0,0,3.5555985147184677
6.420893707513409,0,0,-1.9266847013936874
58.19714019143988,1,0,20.77147232015192
26.899340443509768,0,0,3.672825066139781
79.75591006371882,0,0,7.517428944528463
31.036195892357377,0,0,0.8295538229407629
45.52201490818012,0,0,2.90857183397532
1.1620539908100636,0,0,2.7213861926534695
7.244688779455888,0,0,0.9997927596816811
39.24935564066848,0,0,2.823761430065435
47.99388347171235,0,0,5.818766809620548
60.00205481193037,0,1,9.37140910630039
29.166257870930323,0,0,5.918311847653789
69.49818861265426,0,1,14.655419931058878
86.01223971892045,0,1,12.668075829486492
77.98509888933498,0,0,6.541169394871778
3.9618825348357145,0,0,-4.840078143900988
48.0506947257829,1,1,18.841907929475553
10.493017841817487,1,0,10.370362234266237
24.204501586252746,1,0,14.690830840600047
98.66625932671465,0,1,14.214158523788747
14.249554290151323,0,0,-1.2657155458153504
49.888815345135605,0,0,4.426553449584446
61.81557343181191,0,0,7.192231638475889
70.2464970544104,0,1,13.080328405272214
55.96486834869141,1,0,13.797146273151377
0.9770847419183659,1,0,11.841181513224175
32.64613082439919,0,0,0.49793152849669786
51.771164338471145,0,0,6.980573828127662
8.786649914483336,0,0,2.4469578241553305
35.06269312091808,1,0,13.71021485944289
3.3203108791366565,1,0,10.799940683112867
7.857849715502074,0,0,-0.13674912944640705
39.69232762015961,0,0,-0.5363540274467171
13.271575404306034,1,0,13.999093887311757
56.75408482615582,0,0,5.129719389935321
68.94649691372658,0,1,13.834999856508377
80.05866991090829,1,1,22.809048555165724
20.01502442448101,0,0,0.7632565459482379
16.748258225906977,0,0,-1.3382246934875328
10.456784033440025,0,0,-0.9629027236445038
63.64302495436367,0,0,4.000338503299929
70.64757264869012,1,1,26.056704622561902
3.1586144825642037,0,0,-1.0806622492463642
93.62122462436898,1,1,26.61047383192613
5.1971283651472415,0,0,-0.2418139712088846
54.12963353010704,0,1,7.874032820985079
70.90605194509165,0,1,11.75400434816588
87.09691237460856,0,1,14.907897901188047
71.40869321324278,0,1,9.725350536237574
80.17280830697918,0,1,14.635506412160677
33.94501925428061,0,0,1.6950600824726687
81.48251137465122,0,1,12.182283285319441
8.011484638467515,0,0,1.862514709866847
89.48166560605276,0,1,12.6212942461663
54.75923761537362,0,0,5.551073480209094
81.72977699624937,0,1,12.543596042048753
45.23182845183001,0,0,4.781918858590638
64.35776951965249,0,1,6.674298740918254
52.640266093611324,0,1,6.604662978944965
73.15895217553319,0,1,13.547829229646995
8.162998203058958,1,0,14.890662631603995
6.03520839905638,0,0,-1.2174525671574046
24.710323401014644,0,0,1.9829756357591957
15.954468011318834,0,0,2.1848853069364864
87.17835665922017,0,1,15.104270869239425
21.92139873580443,0,0,-1.8632146697612542
97.58652558191314,0,1,12.986572064234561
33.68957917711069,0,0,2.7037991580113188
18.211791568869927,1,0,15.227459551359091
78.96985071424791,0,0,12.893846038867782
65.87077755008761,0,1,11.131066301389325
49.8195716453139,0,0,2.168002240323413
55.53635509376312,0,1,11.35817166377891
71.92017782722638,0,1,14.834009361804059
22.845474133129873,0,0,2.500575655271989
99.63339160567419,0,1,13.150042070258834
97.4793162146783,1,1,28.66391950442787
65.03256863469369,0,0,7.830348100466239
19.954245092914512,1,0,11.943262820900202
68.02282424312914,0,1,12.565133659381598
7.219840897917584,0,0,2.7165152251095037
3.0652502205806065,0,0,2.6703051071758477
25.76828885112137,1,0,14.443930934493226
46.26229567393163,0,0,3.9100706750345253
86.82725054083805,0,1,16.13727269824633
72.7169069766308,0,0,4.85136969170131
74.2706521199981,0,0,8.304223793841821
42.54933344480754,0,0,1.514880089751895
34.59349925469629,0,0,5.590102469988835
37.10387629846027,0,0,3.194296598623704
98.76495637360578,0,1,17.41366210865552
4.010919141248248,0,0,1.383917426835879
86.70314961224486,0,1,11.223874501100626
57.86754085723934,0,0,8.636009549878422
43.86154191895905,1,0,19.488644724751364
72.52576604151365,0,1,14.017149589349795
48.666894142470284,0,0,3.3435136841745887
87.34232380816606,0,1,13.122204472101787
90.07018640112585,0,1,14.297873074924105
42.17209268734554,0,0,2.8097884700716875
27.682779723505156,1,0,18.152971117276927
59.23503285933622,0,1,11.212156229385696
91.2363345616691,0,1,8.716937361952196
21.066218900566657,0,0,2.7853335155691066
62.296658356348274,0,0,5.533351042000201
63.156022009252055,0,1,11.16574908868831
73.3113022415281,1,1,23.59389149258141
13.15676851272598,0,0,2.9297696844859726
71.58249646820886,0,1,14.39762520392765
90.9032520665641,0,1,14.656431531173716
17.968310887024195,0,0,1.1182087144261015
23.754332492387764,0,0,2.292758839620436
97.13950940416396,0,1,14.753150173571653
18.097695270948975,0,0,0.20490944736522398
85.4385093369579,0,1,14.70170823083826
49.227785644803475,0,0,5.84286321220128
24.723107440317705,1,0,17.553193223585115
87.07499012725114,0,1,16.218198573302065
44.53052550026655,0,0,3.0817027148463945
51.48173539296902,0,0,6.788770288314831
35.92333693997657,0,0,1.6904269278087143
59.29508514349274,0,0,7.321372716230973
16.352387258502276,0,0,0.602010328330012
39.10815366517607,0,0,1.864308919766438
96.94123223352875,0,1,15.254213908747683
25.813343270112753,0,0,-2.767799929297006
65.67366645412922,0,0,3.065415496602466
32.51900642246949,1,0,14.896916874698382
77.34731256866006,0,1,12.89961479013569
13.087366071834982,0,0,0.5700990668671205
96.98210450785447,0,1,11.53933785335025
45.37895413836392,0,0,2.9021117295593815
23.605046334646396,0,0,3.1429232879394275
7.349674733001265,1,0,13.898531014556852
16.975790508754073,1,0,13.665132815683526
51.977394855601766,0,0,7.511407047634155
33.70031764312863,1,0,16.16482581123133
82.88833658826094,1,1,23.793922350909668
43.08875236618059,1,0,15.747871129794826
24.871427258762992,1,0,11.68141041146059
61.714498660403,0,0,5.955171885257467
70.67772168854458,0,1,14.291973407297135
16.704190790094987,0,0,3.0409992484314348
16.761921628831765,0,0,4.480210814721421
3.667142693354297,1,0,11.760943781737444
73.64020150656405,0,1,15.05621973968492
66.38045276218051,0,0,6.251436823322111
47.46308757498139,1,1,24.689478922637925
84.41704489691972,1,1,25.397990994807724
80.56701529500532,1,1,26.471164277109086
58.535436439675216,0,1,13.803768372587234
86.82712805132586,0,1,13.295857547970176
20.584121003676824,0,0,2.4951900754560308
11.191961939772789,0,0,3.6969230443898837
26.974961151698963,0,0,2.4314897873097694
5.708685608931486,0,0,-2.0709160041191734
53.1169528001032,0,1,14.597709389180139
93.66056922949615,0,1,13.426527994275343
3.9343540668509647,0,0,0.7109475085601822
12.21099140100268,0,0,3.533112479002522
45.21990282834353,0,0,3.3050024753719494
93.38750175279048,0,1,12.32301434883479
31.61561049767505,0,0,3.669035643317171
50.723480868839246,0,0,1.4861952910591456
4.15728590503921,0,0,-0.16008356323191952
14.834320096208886,0,0,1.9735093382517004
98.66301229588468,1,1,26.32639743593814
96.51186964360456,0,1,11.564285077988961
0.49399809344096157,0,0,3.2377557217521202
95.18117854232389,0,1,14.725194162130741
63.91199378155004,1,1,26.253503613678486
86.79182945200222,0,1,13.159110444839333
45.47398556338591,0,0,2.7873745929570637
51.55960285792502,1,0,17.694322126302822
48.88465802569202,0,0,4.456891549912763
66.68642575461044,0,1,9.313119659478328
13.96512547563129,0,0,4.336081065138121
2.9973589872677953,0,0,-0.9448045470612125
30.79299415911909,0,0,-0.6012333536792278
70.46807627366466,0,1,14.70313973528113
20.185345212294838,1,0,13.009938489604236
67.34324333249174,1,1,22.518676548017925
96.99120461072704,0,1,11.168345287012755
9.39007157894184,0,0,4.420890131088165
67.26021182251263,0,1,9.147060007831888
44.375021930457116,1,1,21.55440115445701
86.81422543775054,1,1,27.50666318885594
17.71497894473859,0,0,2.614931760480053
69.26259522261645,1,1,23.80695089827726
83.81152896481102,0,1,9.97782117990627
94.46142194740233,0,1,12.826692523205665
68.32480282896458,0,1,12.208080958981503
49.71747640084273,0,0,3.3973995001102804
61.78472402012139,0,0,6.585191322009675
86.89049844787182,0,1,15.052536662417467
57.060974663882966,0,0,7.6311032379884995
3.038705969683686,1,0,9.851511881343
93.09486955069778,0,1,18.702779065027684
68.95267510315611,0,1,13.430226199423874
67.65133857772466,0,1,11.761705550434337
21.567515239771716,0,0,4.335824690130453
65.88854702326572,0,0,11.319670246326519
39.386440565415846,0,0,1.0612038544278457
65.12329770414921,0,1,11.061804485432216
10.659303030799073,0,0,-3.690933016666749
65.7845304603036,0,1,11.963756111326411
99.94137257706666,0,1,15.724925741556948
4.821203886055603,0,0,0.4037961577200414
97.71741842213173,0,1,13.462674700216555
40.690796072287064,0,0,-0.029949425147943742
87.07534503372591,1,1,26.45460187019613
78.23854840582734,0,1,15.734723808413385
56.70162609866678,0,1,9.488125698399815
73.84492092513266,0,1,13.264611950559557
87.8515561301348,0,1,10.648866986173378
40.4140321651033,0,0,4.955829343895358
32.70331615632387,1,0,14.483567020143072
66.75933855635847,1,1,22.151097954430018
80.78459419412586,1,1,23.557732136980327
76.22851347766158,0,0,6.835628183700138
79.78136488586345,0,1,13.743003119971416
43.5583314812933,0,0,1.731506745738295
81.78342161750216,0,0,7.38411149861451
12.020905537060845,0,0,1.1191469977077892
54.448909796084955,0,1,8.246812530544776
0.575866049812157,1,0,15.65091700833125
32.45858299002703,0,0,1.5388673388800205
36.646153487139784,0,0,2.3257415214469974
39.61726916092554,0,0,2.0051110164475583
69.54672066898621,0,1,15.551632241174856
38.85581012703457,0,0,4.991391469902421
44.86936226225306,0,0,2.613752213738022
23.754413087432745,0,0,4.587904426463211
37.325179162934006,0,0,4.133915304871158
22.726962726315147,1,0,14.787203114854519
7.319592376844364,1,0,12.04300482017953
60.34485933813779,0,0,4.535653959899832
66.82127985550163,0,1,12.357660183659366
61.94903460096145,1,1,22.104729000104964
46.34940438005724,1,1,25.268451697155932
37.978578017922985,0,0,1.2592755913060905
86.33336495718252,0,1,16.705650041428143
51.908178513621806,0,0,4.968180153766579
47.9181877629731,1,0,17.389990244339522
2.5642065806435688,1,0,13.922736191323226
34.12478276261564,0,0,2.1519796862526914
38.019561878585705,1,0,17.530452957255843
39.88227808969005,0,0,-1.4268599017933496
58.017236922733225,1,1,21.361744625829445
53.360254672687844,0,0,3.4878998525866542
60.79050927934446,1,1,20.572038903190922
76.48832615421283,0,1,12.218922939263383
81.29857387160935,0,1,13.901357323524325
71.81230762264944,0,1,13.586550759263558
95.55236959549347,1,1,27.036990473950162
1.823258267636163,1,0,10.850938896976523
19.57779856835461,1,0,14.695812732485797
0.756287497814212,1,0,12.324200139483123
64.7474714154603,0,1,13.346859477418061
89.8030548949987,0,1,15.534178895362903
24.34822965762993,0,0,2.495775793604251
92.70345447963066,0,1,12.475839435640554
6.026739028956085,0,0,-0.7032264087685531
93.44360268055144,0,1,13.244781548779077
35.16226872396344,0,0,2.885694204563833
10.142082844921651,0,0,1.5503091396716717
48.58717591863256,0,1,11.289066372119374
25.677656772050796,0,0,2.465528291174324
28.487290196192284,1,0,14.880978595420173
30.728996492628657,0,0,3.359512259262873
80.30258978326634,1,1,23.998448352061956
53.91612766752545,0,0,3.540828251466633
31.130769915600364,0,0,-0.39779880306138304
61.03337833109184,0,0,4.713039116955439
71.61506742231936,0,1,13.107797648767509
27.262400073353376,0,0,1.320417131256203
41.354910152535155,0,0,3.6598769404016362
12.188609333694755,0,0,2.1517235081941095
18.11493495346803,0,0,2.8528724881921406
68.11178539649828,0,1,9.652112835317748
18.143834769562694,0,0,3.8085021898635523
52.516338366706016,0,1,12.506334015381574
70.90462617224327,0,1,9.830762902787207
10.687692309474384,1,0,11.421095491665131
56.73122196289035,0,0,8.055303562581418
25.656278370136377,0,0,2.2719207945030364
96.29268752375798,1,1,22.1897128574721
48.35456467199247,0,0,2.0360934577338745
80.59925497751581,0,1,12.561186247406619
55.022654215626176,0,0,3.1761801209934144
4.341253285481916,0,0,-0.3927222127246911
63.31513755940223,0,0,6.396306183307381
95.14033422066571,1,1,29.43854263013603
60.16118201463312,0,0,5.435210369007734
81.91888594267903,0,1,15.33697219341342
88.42064633484078,0,1,16.69958495755762
22.807977194893247,0,0,5.149417058193476
21.204483990822666,0,0,2.6899575858534033
61.09809888509917,0,0,2.183231592831969
41.10284698067047,0,0,5.031934428874777
83.98613028667204,0,1,15.495412804294286
90.00231233980112,0,1,13.83809702310928
35.34213793027181,0,0,7.0233815331776785
23.687055897448207,1,0,16.088372712679735
78.05255152438619,0,1,13.941801906744187
27.48060355481361,0,0,4.920821777893037
82.26143185136785,0,1,13.89288288765854
42.37382536487628,0,0,-0.7482384623030782
66.75498992914704,0,1,10.677221089973973
9.553531383466819,0,0,3.349689192842389
62.3859324676573,0,1,9.62341056656914
45.17676787372291,1,0,16.070731776898413
58.66084631754741,0,1,8.7764120039486
16.801420774486342,0,0,5.247987267852173
73.68737449441821,1,1,27.73172236427785
86.27970775432286,1,1,23.86023298515083
21.673980009077564,1,0,14.461994001685923
9.571455552016172,0,0,-0.40384254032647804
2.3638586046336396,0,0,1.4662751385261201
64.1971500443266,0,1,12.439081158917318
60.70940360887808,0,0,7.694351504114339
54.669741271407005,0,0,6.130811022556475
23.194709611597542,0,0,8.19028337393669
39.09059959055147,1,0,13.85321242903367
59.4476335186173,0,1,7.523556642988702
49.67668588591694,1,1,21.18148818718877
98.77855202148874,0,1,11.741878671028338
13.643975255673313,0,0,-1.6205270144446544
69.51445540475937,0,1,9.948816232080004
40.431876810429216,0,0,2.1988098701796672
42.819961492561475,0,0,2.372759945356027
71.75977656581762,0,0,8.212415557472585
69.24361513243696,1,1,22.911983391073022
99.12559937021884,0,1,14.553530787276923
12.839428945412523,0,0,3.072408443543122
10.410964938416633,0,0,-0.49154855572118916
72.43388171287411,0,1,11.714296373877966
57.83869170064091,0,0,6.515389142249922
27.416066655980586,0,0,-1.1415289356423837
7.9419368988986605,0,0,-3.9756173280112987
8.565824959643054,0,0,1.5488171535597508
89.41908746641182,0,1,14.92593730777498
19.18673247187429,0,0,6.04711351689225
32.33715621155208,0,0,3.5499053728888277
22.6656402226988,0,0,3.90604345678607
35.49963058319373,0,0,3.1590177711474254
6.942384274609337,0,0,1.2886928706311065
51.90597909082704,0,0,8.525111592581773
6.76125635922149,1,0,8.42813999967088
80.03565078223616,0,1,13.830797593366977
23.3712081910433,1,0,18.608294279259063
54.00119146045106,1,1,22.96418758446379
88.00790875614582,0,1,17.101936802080278
65.08773690471942,0,1,10.250349391413058
53.29577865513353,0,0,5.265482877185927
32.43337531153756,0,0,3.3103869359309313
33.300191305819794,0,0,-1.105163028135562
66.94869551981901,0,1,9.358513896281503
99.41393612211675,0,1,12.747643453443704
66.18391898493786,1,1,25.262524054558842
55.77834173700249,0,0,7.32214038506836
73.06505102392461,0,1,12.954577987805527
46.52056122837182,0,0,6.300261916548594
6.0142342600785215,0,0,0.27312460056430427
56.22968158779098,0,0,8.026831497858185
95.76252845053801,1,1,26.593829730317946
17.530294235765965,0,0,1.8687575184301095
69.00048908206658,0,0,6.368863641681836
20.093368865905646,0,0,3.3782378418634202
53.582768447308126,1,0,16.515879211504988
9.667644964671961,0,0,2.9196272508633325
45.037093625818514,0,0,2.239411081149838
75.61633288952461,0,0,5.363800779496074
34.757152423898205,0,0,4.850568752642829
66.4911724487218,0,1,11.472028815706155
79.54499607897291,0,1,12.046716775591035
92.71778194794527,0,1,16.051893659745446
23.464208185545353,0,0,1.1318979903823665
39.931591580930814,1,0,15.592756649492342
15.241601333041743,0,0,4.322616033446493
99.24835021583752,0,1,18.003119713205052
92.70009679242953,0,1,17.414806099783608
53.99571302805596,0,0,4.835319748937774
84.20332943764213,1,1,27.881738753733156
52.09579772720422,0,0,3.311674117183066
62.35856880027597,0,0,4.422051130583475
8.912443211601662,0,0,-3.8096673840885558
75.52704204968079,0,1,15.89844060876514
12.771348363523483,0,0,-0.4508248617998081
82.60676302525283,0,1,13.007611143031163
78.20280876703859,0,1,10.99963219284729
70.87446977429764,1,1,25.477777474090043
3.6160380524762115,0,0,-0.3896635161870592
30.31283559453286,0,0,0.4216497785873874
26.311256991084285,1,0,15.51445082748055
36.01364074715191,0,0,0.7339040250947342
8.764274676383854,0,0,-0.7983839829925972
93.69578230310628,0,1,10.155800001058466
55.38022407123763,0,0,2.6901061827285493
30.552431065802356,0,0,3.4123014460211913
39.698151707428345,0,0,0.040743094536985325
44.72025405048357,1,0,13.509733955804926
60.05943333606173,0,1,11.001205501340555
51.567942769649775,0,0,4.069580484778872
91.93919732144174,0,1,18.17799300406279
49.696348290583025,0,0,8.637427921107054
99.21580148233127,0,1,13.18573522273082
85.14249577450957,0,1,14.628524814257922
20.85105143573358,1,0,15.58367025733226
93.05952146439162,0,1,13.110994430390356
11.636639788547608,0,0,-1.8274190941416468
81.74497084911916,0,1,13.1499001862958
38.06232934765801,0,0,3.460541585137579
87.79743204450695,0,1,12.908214210509456
86.80566901074504,0,1,14.565200637403475
80.59254001176211,0,1,11.557794787165015
79.00304363070614,0,1,10.596309267912329
30.46791390980408,0,0,3.2649573316800717
8.091928305125219,0,0,1.5811330156502736
40.29801787651615,0,0,1.676511899851509
17.35245149865087,1,0,15.591426371847248
69.49510889024617,0,0,3.4085486134724614
34.609972653778556,0,0,2.304770347946569
97.56102008599149,0,1,14.240084936203932
64.0972077345332,0,0,5.137273348149461
82.24805636343609,0,1,12.094684689241223
13.252467274184843,0,0,5.0673956920347125
86.20144822726226,0,1,11.91837664464843
92.27571905133944,1,1,31.11001535007777
48.70619188189359,0,0,5.7448727476514625
60.625293775097745,0,0,6.246639652133759
76.48098009029954,0,1,13.600578715805286
17.483862726041256,1,0,18.80824177110803
50.25660764634424,0,0,3.0384747567715285
39.86630277723131,0,0,1.745794439850353
14.63739921622491,0,0,-0.045992471521350886
36.753442229153144,0,0,3.7396305168444366
6.817230938549357,0,0,-2.769819155770211
2.5811906949486985,1,0,12.302797548132085
13.516628915482276,0,0,4.738757158375572
96.31151115891738,1,1,26.933965897141295
54.952953589501696,0,1,9.909924440999616
96.582216115322,0,1,13.421900714164945
43.2497878330132,0,0,6.12200219240445
31.181613308525957,0,0,1.4664957843765005
50.61418628402441,1,0,20.754210469600938
43.95116886329101,1,0,20.261836381757817
10.566468426174392,1,0,13.570148439941015
64.08263146902063,0,1,11.385232970748772
21.60381825095996,0,0,4.221701441579115
61.95879548978296,0,1,13.385476553432948
65.02010923981534,1,1,21.8900274618627
15.20248531286481,0,0,0.4671382650130771
6.134962711066816,0,0,-2.0311985982599094
78.07615860684398,0,1,13.625745737352512
45.98004237693202,0,1,10.931260004606985
5.816379550547579,1,0,9.881786679332212
99.48663171697672,0,1,14.038265362065355
5.778056099636664,0,0,-2.116702225199032
69.50352288585532,0,0,5.152752668097857
98.36789252634136,0,1,15.938823373086736
23.918010421592562,0,0,0.9248369088026973
14.224936868719617,0,0,0.8208417748073644
12.138493942242889,1,0,9.959225938329658
30.327514756759555,1,0,15.406731895125283
10.10458110106467,0,0,0.9219114704171693
69.2161341694132,0,0,5.463694916874995
6.229179813006269,1,0,12.244889385935679
50.94221281497897,0,0,5.454811042504787
99.66968538529768,0,1,13.337232240711081
81.39702695060188,0,1,10.18717760705663
61.52194382310109,0,1,14.763343247683741
30.625362078661166,0,0,1.7959907984455716
62.389583629163845,1,1,23.045438156542605
52.70414639116516,0,0,7.292094109157144
42.60833838903715,0,0,11.318944214044684
13.071037674019948,0,0,-1.1818691323757364
88.66042152404667,0,1,14.765696579857687
44.97846488213225,0,0,3.082741917625013
19.462251182076507,0,0,0.8686445090542292
36.77593508772896,0,0,2.2371694667593163
41.4129752528927,0,0,1.8899875896881007
82.75378955668742,1,1,25.19279623209942
73.3614380561402,1,1,21.38713843151755
76.93048936413398,0,1,14.586664069437138
1.1031264428647214,0,0,0.2203185163532214
41.615399817976154,0,0,5.006409927600496
48.13441516353236,0,0,3.881064292460791
1.9192276823056686,0,0,-0.5424851001929297
25.98132087450342,0,0,3.173259897784998
76.0289823122135,0,1,10.2747969664097
13.710970572899905,1,0,12.65511618846332
53.531013145259166,1,1,20.633874286769007
21.52018720172375,1,0,12.370881098990345
1.2120774643893273,0,0,-4.09846873481235
24.12014575995415,0,0,5.0906677549554145
97.58737549100537,0,1,13.385660042792999
80.15371118829896,0,1,15.342123229156996
95.95766443210334,0,1,16.73335108599892
48.785404392636245,0,0,2.3065410262306374
10.973619867750351,0,0,-1.0794604845706564
54.79594889736929,1,1,27.6006008084483
45.43773345599609,0,0,8.045625229453897
84.4357082739616,0,1,13.380533800739952
9.808258078424458,0,0,1.4955720206771446
48.82411370217782,0,0,3.6207185643234046
15.004866469398426,0,0,2.3651920753405227
32.467592689006,0,0,1.812395467455657
73.73570773877996,0,1,8.308863245281227
47.601812936876655,0,0,2.1170697206655635
37.58882851457693,0,0,3.801068347158868
39.44762785700353,0,0,1.6826283146951782
45.94467684059866,0,0,4.459912754232797
78.50165438370568,1,1,22.70084335950484
89.20846889402344,0,1,12.356139044398358
95.53346865039283,0,1,16.25967747786567
78.6903386255295,0,1,13.363994957833158
31.540689574801274,1,0,15.134740114853434
68.81347060865421,1,1,25.639275007006724
43.760312405539196,0,0,5.337248427248615
25.467062204605117,0,0,5.439832802963247
84.08715794259226,1,1,24.488997269628946
3.8426348962324997,0,0,-0.47500646743176744
90.17619921354235,0,1,11.415401388571546
46.147746462473414,0,0,3.756813211502502
63.72014768082804,1,1,25.301554556687698
65.93539222057827,1,1,26.193513966582096
89.51177407065364,0,1,15.8717877432387
63.66696821672073,0,1,7.778313088573201
61.39335847600618,0,1,13.305626272922087
6.665204056068996,0,0,-3.0105168409372416
51.84080219452041,1,0,18.980314867696737
15.016900081704165,0,0,0.7661209550283061
73.74337687214856,0,1,13.779404315082568
51.22219208126745,0,0,2.4573225123376137
68.02277792083532,0,1,14.144613057495826
4.167290060238427,0,0,-2.513220486185935
8.479201604580322,0,0,-0.4889896612483231
71.63233880626822,0,1,10.167044625088753
7.208433599867337,0,0,-2.7877263456582644
7.12567277652586,0,0,0.9016224128295228
1.210847523488745,0,0,3.733262988022797
95.65013982994802,0,1,19.89882442763482
73.75083594590069,1,1,24.569395168762565
35.32514085020642,1,0,17.765876635155685
29.65355812876552,1,0,15.429545088733628
34.97032297458495,0,0,4.494798686994921
77.46535311811819,1,1,24.06223800955734
66.13706110704143,0,0,7.003859961549347
18.519556786746794,0,0,2.9269130878875362
17.410933533408436,0,0,0.584173895588181
9.839564971339732,0,0,0.8289678973479973
66.03027197013381,0,0,6.486166959018405
76.43726622217359,0,1,14.296533256878408
26.5046428325004,0,0,0.518399939994679
2.094496103091281,0,0,0.10636519309382501
8.217166747642734,0,0,4.645727612869669
96.78600348450304,0,1,17.006720653622178
29.544477747742025,0,0,5.652805872551613
76.92231478381336,1,1,24.741095158737405
62.46635688542638,1,1,23.888630815914684
38.19396396528959,0,0,5.82386872993481
20.56872621955551,0,0,5.177383681017413
12.138641815940643,0,0,-2.689341644171709
61.50129680388666,1,0,15.519247066288974
77.4633780637788,0,1,15.365226009183177
64.39042535411306,0,1,10.8852638238737
53.030213324915835,0,0,3.9595797539754294
4.195122343163627,0,0,-2.088809739674845
96.84887775943838,0,1,13.57485437285562
79.87141916545745,1,1,22.182403349698095
29.282203670096475,0,0,7.110408912474602
97.99703293588506,0,1,14.75483118962736
60.18815896363221,1,1,22.902914812837786
58.24226582072465,1,0,19.00037993240813
74.8073179429532,0,1,14.405422132828459
81.17697880901376,0,1,15.009474194010656
65.64786073315027,0,1,13.71202996113017
12.809574636620003,1,0,12.019266362080288
33.82675059944984,0,0,2.7869414500312617
92.80836403260497,1,1,27.818899714145047
22.461561184385193,0,0,1.1913779951592796
37.21670238375133,0,0,3.7114569743206833
43.2076882944196,0,0,5.118296358291588
43.940498969445215,0,0,5.964420061565274
61.29395824945255,0,0,2.5740339002048533
94.30758377447076,0,1,15.860249677224965
24.069271183250496,0,0,1.939479002621599
12.150137630091805,1,0,14.629929184737943
19.747048985993732,0,0,3.528568283309031
88.69249002092695,0,1,17.08507912433101
64.5810812655206,0,1,14.165015421794465
28.590678923916013,0,0,5.552211217612194
81.59469389686173,0,1,16.046810028018648
86.1369996363436,0,1,14.196457933266252
84.6514338690278,1,1,25.52951356097646
91.89265336395545,0,1,15.934899502752213
25.224102017336158,0,0,3.9865721045996607
75.50419287462783,0,1,11.932286813986263
46.053949727414,0,0,5.415041790357936
84.19985528900615,0,0,8.349792595331428
72.84906771616131,1,1,22.57704095469602
77.64474464997247,1,1,27.345395947749946
65.61618376810715,0,1,11.672016861870894
17.742876946970686,0,0,5.87170421009477
54.502691889693835,0,0,2.1992846485697184
98.46697395245081,0,1,13.733139849558349
93.73880664971189,0,1,14.439158338352932
4.317373579701167,0,0,2.7064995532279448
16.481481572943714,0,0,2.4470869024987416
13.172877345456191,0,0,1.9382332429071223
72.59799099852955,0,1,10.005271514744662
81.77853298569451,0,1,10.863970504110508
21.35113663106719,0,0,2.7801229836865287
50.5852692951829,0,0,2.3303149418815736
84.07030280112,1,1,24.343274779533342
73.28015447662506,0,1,13.32985010583422
54.223720549184826,0,0,3.4577235103649313
59.03476904587729,0,1,14.114188829311344
50.83605469162799,1,1,24.531478157638578
29.754845131882057,0,0,-0.1673554834883948
56.50219928590161,0,0,3.7854774422261865
68.88853020500906,0,1,7.317298531511007
87.33229158608077,0,1,12.168046433511812
63.629135397924806,1,1,24.895690492937277
76.1121537043158,0,0,6.783425485881867
16.0071634954573,1,0,14.522310836777665
46.15574744197899,1,0,13.570906107634412
0.9331619827093296,1,0,13.689266707434744
24.667886452162303,0,0,1.3565701893595308
72.64617151130048,0,0,7.288956515695859
99.18099513493634,0,1,14.73235051070753
9.917809958721591,0,0,-1.5513160459124085
40.14943158612883,0,0,1.708774495133318
80.00709686991596,0,1,14.936298624998448
20.403563462889885,0,0,2.8383406612923796
55.50849493022862,0,0,7.650947576129717
73.30712960296748,1,1,24.980029431301784
61.5985450260179,0,0,6.4458357722202235
18.802473461541613,1,0,10.42822610882063
35.538456868573945,0,0,3.0131122933350554
78.37917844853972,1,1,24.783149204046484
55.42265141320166,0,0,9.448479537865314
0.5229613542912737,0,0,1.426209399626482
76.09907600280938,1,1,27.682029963699996
3.531135494023907,0,0,1.5481889611918471
74.57337827312321,1,1,23.034731373413365
20.24805601652374,0,0,2.259054033952077
95.80734801193802,0,1,15.053182093722269
36.79407513020845,0,0,1.8010963734794814
32.69316163380791,0,0,2.5005414101949492
14.888805033244468,0,0,1.077346515970103
30.560421549021488,0,0,6.267281820032386
87.66507618282006,0,1,9.60502656750005
99.63343376272474,0,1,17.37498021770456
36.83095305068483,1,0,13.809504835149719
44.861063095454256,1,1,18.7419479350062
72.2070938202737,0,0,9.580593642104297
88.61957804650746,0,1,15.325753943119508
59.304433418678414,0,0,8.439480746630222
39.15256981778293,0,0,5.516660876869447
41.262184084862376,1,1,25.245908411961043
69.56181464968068,1,1,25.07362913885704
0.32182636042786816,0,0,-0.28077211620353015
61.95893374598407,0,0,6.881746129241092
35.54930104413574,0,0,6.041868361105501
79.41973312770843,1,1,23.383222662250606
9.299063982313216,0,0,-0.37387076683144005
58.82022669483905,0,1,10.26410264028809
48.09728898861238,0,1,5.600563301330573
64.23255259052274,0,1,11.69941207588737
6.485359448296835,0,0,-3.1237214630723686
57.99837874281313,1,1,22.90595650014655
56.14845879595237,0,0,7.345425391865737
56.06600944161709,0,0,4.652848022874037
60.34876665964548,0,0,9.38910840633829
67.64679372263622,0,0,3.843677573426646
80.49889996807697,0,1,15.432411360071363
26.982072012821433,0,0,4.048481314095985
82.5049410180062,0,1,9.818427605179243
49.82556822634536,0,0,10.4041454207156
7.705827913433117,0,0,0.6430922203353794
5.85509292439792,0,0,-1.1694587518714714
33.42383186960608,1,0,12.528208797392574
78.48969771114676,0,1,12.408933715795328
70.76809347409157,0,1,11.821995602629237
78.86149646724064,0,1,13.091440703803393
51.72690564416094,0,0,4.577098251968174
44.01989979554906,0,0,5.668440599785093
14.745252670628394,0,0,0.6992656017363468
32.81927536093116,0,0,-0.5880006983878259
43.40193661738753,0,0,4.0414706704394705
8.860042967961723,0,0,-3.848951009950384
22.061195271121125,1,0,14.913660788894893
59.82252940637388,1,1,21.023652480072116
73.56631142391899,0,1,12.6833518522235
99.83475113929497,0,1,17.611625076978704
93.31133313435576,1,1,24.43363592289958
64.25651995351916,1,1,25.548164512376154
42.1248053294072,0,0,3.345701399568414
63.617736470823274,0,1,14.868163251213497
78.56516180802319,0,1,12.126210954405893
11.833619092338733,0,0,-0.49762406177950935
40.99048896962883,0,0,5.47352579775346
83.98022856356172,0,1,12.5264433971089
38.3832951933044,0,0,2.1554304910724227
57.18722712271865,0,0,4.763043010864283
58.77693608621982,0,0,5.788480544255979
18.447625313363936,0,0,4.529122793826102
36.22354416522884,0,0,-0.24582107439627032
33.451128874193216,0,0,3.391274205320163
2.6196708532064794,0,0,1.511774274628734
2.4191763891355245,1,0,12.628814788897145
83.16970436757735,0,1,15.936700775624804
27.30708099728124,0,0,2.582017440211076
51.80787662388154,0,0,4.811684778016264
29.872557358877305,0,0,4.171914829914417
94.06792451153404,1,1,26.605420081056106
25.929675886577375,0,0,1.8121501120967953
42.96568127389351,0,0,5.328856206562111
87.27302504846018,0,1,12.42224591841273
84.19335667918087,0,1,12.196981363879432
18.610141784627732,1,0,12.805026134931547
80.26433097957104,1,1,27.73257141828992
45.81868867378927,0,0,-1.8601638445925
48.29688720853552,0,0,5.620886390379438
13.347997241594378,1,0,13.403343352559883
8.060151375712465,1,0,9.444274219095007
72.79393069737652,0,1,12.898846628009657
49.646115235529976,0,0,5.916115507216062
43.68507026151796,0,0,5.547785488866595
72.95082286523967,1,1,18.99142616043407
76.55128989911097,0,1,15.387907813619975
15.890816766935355,0,0,0.11360826732385387
61.02251494776413,0,1,12.475386988282766
13.535408227768553,0,0,2.8356883841414273
75.13750860290457,0,1,10.760356689051871
65.69551562671396,0,0,7.890471467374497
95.6614621083458,0,1,13.795159729009864
6.895801635642118,0,0,-3.4531741951121027
5.705472115125431,0,0,2.9060310625681014
28.218707469320016,0,1,6.271780820899521
